_id,name,dval,dreason,date
67d9660a5b954dc3cbe76981,sara,8,I hate my life,2025-03-18
67da0aaf8b68166269ea9e55,forest,7,"Feel bad physically, run sucked. Idk why I’d rather die than go grocery shopping",2025-03-18
67db51e0953b0d4395106626,forest,7,,2025-03-19
67db5c0f90f17e46ac8ae21a,sara,10,I’m actually so sad and melancholic and hate my life and myself and everything but it’s fine bc I am not important and I don’t matter,2025-03-19
67dbfbaedb74db8a6d367b23,sara,9,Put me out of my misery. ,2025-03-20
67dca58ad4e0c8f031161058,forest,8,Confused,2025-03-20
67dd978076d07331a9fbe98f,forest,8,The more I think about it the more guilty I feel about how mean I was yesterday. Why am I like this,2025-03-21
67de30ace918a3b3ff30d9da,sara,9,Should I off myself tomorrow,2025-03-21
67deb55c88ace833cf0fd53e,sara,8,I actually want to kill myself and hate myself but what’s new,2025-03-22
67deb64688ace833cf0fd53f,grace,6,"I slept for 12 hours, anime new ep just dropped, and am high rn so life is güd",2025-03-22
67df4185dc9857855eb83b65,forest,6,Resolve,2025-03-22
67e03e674d21b2dfc8e4c3f9,grace,6,"Met cute dowgs at park, eating good noodles, getting high later",2025-03-23
67e03fb84d21b2dfc8e4c3fa,sara,9,I didn’t know it was possible to hate myself this much,2025-03-23
67e03fbc4d21b2dfc8e4c3fb,sara,9,I didn’t know it was possible to hate myself this much,2025-03-23
67e078be4fc84c39985d8ad9,forest,6,"Run went as good as it could have today, and hanging out w friends even though they hate me",2025-03-23
67e1431fc3484454024e9d0a,sara,9,I won’t not be depressed and stressed until after my presentation and Europe trip,2025-03-24
67e19781841acf1a09b7ca27,forest,9,Not even Jupiter can find a lost opportunity ,2025-03-24
67e2a5462bab24daca94aafc,forest,10,"I had forgotten this feeling, that makes me question my core being. Need to repress it again or I’ll go insane",2025-03-25
67e2bbf47ad33b078c9f35c0,sara,8,Cried on the way to work idk why but I couldn’t stop,2025-03-25
67e2c3d9de4d4aa0832ade44,grace,9,booooo but my interview was promising yesterday. cried myself to sleep 👍,2025-03-25
67e3e350e109607571052ffb,sara,4,I know it won’t last,2025-03-26
67e40febc841558dc8c31f7e,grace,8,i’ve been so stressed that i have 6 canker sores atm ;( BUT more houses to tourrr,2025-03-26
67e45ad0c7d3deb9aac19adc,forest,8,哈哈笑笑,2025-03-26
67e52ce7178fe00622f886f9,sara,7,Maybe I won’t cry today for the first time in weeks,2025-03-27
67e5d89084318f8bec53a3f1,forest,8,Take care of the little things everyday,2025-03-27
67e5e4f41c1c8c771a862825,grace,8,meh,2025-03-27
67e67d5c3e0bb2ac263db07a,sara,8,"I want to die and I don’t know why I ever try to be honest with the people in my life. I’m seeing my family friends tonight, maybe that will make me feel better. Prob not. I’m a lost cause. ",2025-03-28
67e710a6126b1a98601c6a3a,forest,7,"It’s not that I believe I can do it, I just have to do it to justify my existence ",2025-03-28
67e8291e8dc0b87fa35b5379,sara,9,I thought I wasn’t gonna cry today but I’m depressed so I can’t help it and feel hopeless,2025-03-29
67e87bab0f9e0da2c4147fcf,forest,7,Fish filet and tofu hit harder than my parents,2025-03-29
67e8b41ac8c78e0291d1440f,grace,8,wet soggy and cold,2025-03-29
67e8c72dffb3a6cf9f22fa23,forest,1,Test,2025-03-30
67e96392e0e2ae3faa335a0f,sara,8,I miss the way things were. I might just do it one of these days. (Do it referring to offing myself),2025-03-30
67e99522cc1d7e8999f726eb,forest,6,"Hip hurt so bad could barely sleep, last long run was v hard. Went grocery shopping tho 😎I like drinking juice from the carton directly",2025-03-30
67ea7cf7e32acaba3cd66acd,sara,7,I know it will go up bc i hate work and am dying and want to kms,2025-03-31
67eaeb3e9b1b06a242cee0a9,forest,7,,2025-03-31
67eaeb689b1b06a242cee0aa,forest,8,,2025-03-31
67eb01b8b8d6a29cf36ec7b4,forest,7,,2025-03-31
67ebb4b51dffda3121d7a11e,sara,10,Why am I always in the shittiest of moods at the airport. I hate everything and want to cry but am in public so I won’t. ,2025-04-01
67ec5020d468a7e45952898e,forest,7,Need to decide soon,2025-04-01
67ed2adfa45071a004254ec0,sara,9,I had a nightmare last night I want to curl up into a ball and die,2025-04-02
67edd440555c4b977fb421eb,forest,6,joipjpklj;lkj;,2025-04-02
67ee785e9379660632832f06,sara,7,Woke up and my knees felt okay but i think they are pulling a prank on me and will start hurting soon.  Also been having terrible dreams lately but haven’t cried yet this morning so we’re thriving,2025-04-03
67eecc86c71b3e6468eb79ff,forest,9,月虹,2025-04-03
67eff547ad3928a1ec90d09b,sara,8,Surprisingly ok today but still #depressed. I still end up having a minor mental breakdown yesterday bc i can’t handle work. ,2025-04-04
67eff99abe7dacb97784923c,forest,9,,2025-04-04
67f19b20967ae79dab0b2d02,sara,8,I am still depressed don’t u worry,2025-04-05
67f19b40967ae79dab0b2d03,grace,6,meow,2025-04-05
67f1bcfa00ce86c946e07de1,forest,7,did alot of cleaning today,2025-04-05
67f28ca915004ce24f362ea0,forest,8,Hip pain got no sleep. Why do I keep making the same mistakes over and over,2025-04-06
67f2ac5b11d124f82552614c,sara,8,Honestly more stressed than depressed today,2025-04-06
67f3d9ba2078d6ccc361385d,forest,8,Tfw u have to stay mentally strong prior to a marathon but have to stay a weekend with the song family and can’t walk w/o pain,2025-04-07
67f461e52c49b0e041f3fd98,sara,8,Worked 10 hrs today. Thriving. I love life. ,2025-04-07
67f541170cedb50ef804e226,sara,9,I hate my life I want to die - at baseline and not depressed depressed anymore tho,2025-04-08
67f57051a256f28690b042da,forest,10,.,2025-04-08
67f65ea2c300e1ae5490f22c,sara,10,I’m gonna end it all today. I feel sick to my stomach. ,2025-04-09
67f6c31eb50573b0dbfad021,forest,8,Protect those precious memories. Also woah my sis got a professor job at Princeton 🤯🤯🤯,2025-04-09
67f7f412d1493b1ead11bd51,sara,9,REGRET. I feel like a fool. ,2025-04-10
67f8203455a91de64a56d330,forest,8,Broken,2025-04-10
67f8f7d74f720563b7d93306,sara,9,So nervios and stressed but it’s fine I need to get my act together and stop being such an anxious bean,2025-04-11
67f98a032b210c8821ea0cfd,forest,8,Feels like the world is just out to get me sometimes. But I suppose this time it truly is the consequences of my own actions,2025-04-11
67fad35479dbac87cb22fde7,sara,7,I am stressed but also feel this is the calm before the storm,2025-04-12
67fafefa3ea780856a4a2944,forest,7,"Hard work will always pay off, just not always in the way you expect",2025-04-12
67fc1b4a930bbf9cc391f4a7,sara,7,Museums were fun albeit tiring and lonely. Plus I feel I’m back to square one. But yay to forest for running a marathon!,2025-04-13
67fc593bab7f1ce8c25221ee,forest,7,disapointed but then I realized its like whatever,2025-04-13
67fd26464b168d02a84ba5eb,forest,6,Every leg muscle hurts. Took the day off work and being a bum 😇,2025-04-14
67fd63ad4b168d02a84ba5ec,sara,8,Can I say 8.5 instead. I hate everything and want to disappear. ,2025-04-14
67fe9e1ddbc051a0513a5a80,forest,8,So tired today terrible headache ,2025-04-15
67febca644738e77620ba078,sara,9,Fml. ,2025-04-15
68000627a514ee589e80b38e,forest,7,My running form looks terrible,2025-04-16
68006dcb94430caa5793d3b5,grace,4,good interviews and mc w forest ,2025-04-16
6801218e2906524f9c0e531e,forest,9,Going to steal sara’s suit jacket ,2025-04-17
68017d796d08156a87addd60,sara,3,Relief. Silvia said our presentation was miles better than all the other ones. ,2025-04-17
680235647b7a806b1080fdfb,grace,8,bizarre depressing dream,2025-04-18
680256ea3d34dcb0f824147b,forest,10,"I hate that I’m so insecure. I hate that I’m jealous of other people’s happiness. I hate that I’m saying this, it makes me sick. I hate that I keep a distance from others but crave attention. I hate that I don’t care about the important things but am set off by the unimportant ones. I hate that I no longer believe in myself and never will again. I hate that I look down on others for being way worse than me while still thinking I’m a genius and trash at the same time. I hate myself I hate myself. I want to destroy myself so I can suffer. Why am I saying these things. It feels like I’ve taken so many wrong turns in life, and there’s no chance of ever being happy now because of those decisions.",2025-04-18
680256fb3d34dcb0f824147c,forest,10,"I hate that I’m so insecure. I hate that I’m jealous of other people’s happiness. I hate that I’m saying this, it makes me sick. I hate that I keep a distance from others but crave attention. I hate that I don’t care about the important things but am set off by the unimportant ones. I hate that I no longer believe in myself and never will again. I hate that I look down on others for being way worse than me while still thinking I’m a genius and trash at the same time. I hate myself I hate myself. I want to destroy myself so I can suffer. Why am I saying these things. It feels like I’ve taken so many wrong turns in life, and there’s no chance of ever being happy now because of those decisions.",2025-04-18
6803c327710f3abf33e841a6,grace,8,i need to make a irl platform to jump off of ,2025-04-19
6803e26f710f3abf33e841a7,forest,10,,2025-04-19
680530386386530edcbf5180,forest,9,,2025-04-20
6806abc0c6b425e98516639c,forest,8,,2025-04-21
6807c75703fa835c74055740,forest,9,Downward spiral,2025-04-22
68093aa321289174e5ae41d9,forest,9,It’s ogre,2025-04-23
680a764d3f0c7c36442fb10d,forest,9,Activation energy for anything is so high,2025-04-24
680c0adb54124d8add405f97,forest,8,Just don’t think,2025-04-25
680d181cd792d6afceb56df4,sara,6,what am i doing with my life,2025-04-18
680d183dd792d6afceb56df5,sara,5,"im glad im horizontal rn. 17 miles down, blisters for dayz",2025-04-19
680d18aad792d6afceb56df6,sara,7,idk how i survived today. y legs are weak. 7 more days lol,2025-04-21
680d18edd792d6afceb56df7,sara,4,gustavo and elena bought me a lemonade.,2025-04-22
680d1926d792d6afceb56df8,sara,4,my blisters will be the death of me. lunch=scenic.,2025-04-23
680d195ed792d6afceb56df9,sara,6,my legs hurt and im lonely but i got a thicc hot chocolate,2025-04-20
680d199dd792d6afceb56dfa,sara,6,my pinkies are throbbing and i want my own bed,2025-04-24
680d19ddd792d6afceb56dfb,sara,5,"i think im hitting my stride here, good bunk bed chats.",2025-04-25
680d1a25d792d6afceb56dfc,sara,4,"prob best day yet, in a good routine now, chatted with folks",2025-04-26
680d3163c36e753fbcc81d9e,forest,8,mc w best bud. why is grace leaving us :(,2025-04-26
680ecb3846b9fcc0676d4f7f,forest,8,Struggling,2025-04-27
680fcfff6bd939a94ccb663e,forest,9,,2025-04-28
681166c75f4c55cf3f77ff97,forest,9,Nothing ever goes how I want,2025-04-29
6811785636d15a7546532545,sara,2,"""so should we walk today?"" + dinner serendipity",2025-04-27
681178a136d15a7546532546,sara,2,the wine made it a 10/10 despite no pwr,2025-04-28
681178b536d15a7546532547,sara,5,happy for the adventure sad for goodbyes,2025-04-29
6811fc5bda5c9d097d3f15db,sara,10,Fml i have cried 3 times today and I’m not even back at work yet,2025-04-30
6811fc63da5c9d097d3f15dc,sara,10,Fml i have cried 3 times today and I’m not even offici back at work yet,2025-04-30
6811fc69da5c9d097d3f15dd,sara,10,Fml i have cried 3 times today and I’m not even officially back at work yet,2025-04-30
6811fc6bda5c9d097d3f15de,sara,10,Fml i have cried 3 times today and I’m not even officially back at work yet,2025-04-30
6812630f822d838cb263b9c9,forest,10,At my limit,2025-04-30
6813b0357c8f0fbca3db47eb,sara,6,Surprising feel okay despite everything that’s happened today thus far. ,2025-05-01
6813b0797c8f0fbca3db47ec,forest,10,My animal instincts are telling me that I need to do whatever it takes to survive,2025-05-01
68151e3678be8f37c3300753,forest,9,The closest that I’ve ever been,2025-05-02
681538354ef460965040030d,sara,8,How can one be so at peace yet so sad within,2025-05-02
68166cc79e41ab78770f8501,grace,6,hanging w the best of buds ,2025-05-03
68166d2c9e41ab78770f8502,sara,3,Really sweet morning and now drinking four loco with buddies so what more could I ask for,2025-05-03
68166dae9e41ab78770f8503,forest,9,I feel self conscious typing in front of these peeps,2025-05-03
68176062e2b9e5cfe578fc97,sara,8,Enough said,2025-05-04
681817ef53e40d9108dfd194,forest,9,A battle on all fronts,2025-05-04
6818ef63c6af91d66da9d2f0,sara,7,I hate my life but my postcards have been sent,2025-05-05
68194730b4b049c4a6d5201e,forest,8,"Ate w buds for lunch, crazy. 8/10 is a W",2025-05-05
681a48b8d948091e58b61f59,forest,8,I W E A,2025-05-06
681ab8a6d065c24db5acd465,sara,7,I stood up to a bully today and was defeated by another ,2025-05-06
681c004d1f9900fa94824d19,forest,10,I understand myself a little better now,2025-05-07
681c14c268d88f1721c07c7c,sara,4,I still hate myself but I’m less in my head rn,2025-05-07
681cfa7f4c6d94ba2cc28918,forest,9,I said it’s too lateeeeee,2025-05-08
681d62814bc1b1e6dd6fbf51,sara,5,At baseline once again,2025-05-08
681e3148ba2ca74f415adf51,sara,5,It’s never too late to apologize.,2025-05-09
681e979af9667b77c8d4ef3c,forest,8,Have to stop relying on others for happiness ,2025-05-09
681ed9196dbb4072ae84077c,sara,6,Feeling like I need to take the t more,2025-05-10
681fb574451f23a3a9a5371e,forest,8,Haven’t quit running yet which means there is still some additional hope left,2025-05-10
681ffb55889624cb52ff37e9,sara,5,Hi,2025-05-10
682020f8786c9596be24d1de,grace,8,,2025-05-11
68214eb7022cd76e1e6b67a8,sara,5,I had a lot of fun today with the gang,2025-05-11
6821713e62fc059ea9fdb0ab,forest,8,"Hanging out w the quitterz, trying my best to treasure these mundane moments, just wish I could appreciate them more",2025-05-11
68222c066ad882c193cd5eb4,forest,9,"Can’t think straight. I want to be pitied and get sympathy, but I wish I was strong and didn’t need it. I think I’m running too much to punish myself, and it’s the only thing I can do. Aaaaaaaaaaa",2025-05-12
6822744d9214487838c87d8f,sara,5,"A cheery morning for all to see, a secret between you and me, followed by the most heinous of things, I always wanna die rings in my head as I go through the day with a lot to say but don’t really speak because life is meal and I am weak",2025-05-12
682274929214487838c87d90,sara,5,"A cheery morning for all to see, a secret between you and me, followed by the most heinous of things, I always wanna die rings in my head as I go through the day with a lot to say but don’t really speak because life is meak and I am weak",2025-05-12
6822749b9214487838c87d91,sara,5,"A cheery morning for all to see, a secret between you and me, followed by the most heinous of things, I always wanna die rings in my head as I go through the day with a lot to say but don’t really speak because life is mek and I am weak",2025-05-12
682274a29214487838c87d92,sara,5,"A cheery morning for all to see, a secret between you and me, followed by the most heinous of things, I always wanna die rings in my head as I go through the day with a lot to say but don’t really speak because life is meek and I am weak",2025-05-12
68238592c8ae4883a6ededa8,forest,10,I hate everyone,2025-05-13
6823e9abc1f4846a8c28d02e,sara,7,Sour,2025-05-13
6824e02dd855129e5d330413,sara,8,I actually might quit if this doesn’t get resolved soon. I am breaking and I cannot do this for much longer. ,2025-05-14
68250e30c46a4cace1a45bc7,forest,9,Idk how much more resilience I have in me,2025-05-14
682681310b29072dcd04d157,forest,7,The process matters more than the results,2025-05-15
68268adfcbf41f29a8af544a,sara,6,Clarity in my future (edu),2025-05-15
682796d6f1ccb44a0f90d5c2,forest,8,"Congratz to grace for being the first quitter 🥲I feel old, I pulled a calf muscle going down two stairs in front of my house",2025-05-16
6827b488eb419eddd9ee9391,sara,7,I spent 7 hrs on my phone today scrolling plz help,2025-05-16
682929ec8c4d9560d6995752,forest,7,Absolutely destroyed by run today and lack of sleep. But hung out with quitterz which was good 🦛🦛,2025-05-17
68294b92a5cdd2c99b92260b,sara,4,Mc and taco bell,2025-05-17
682a5b4ced760e4c05b1b995,sara,6,My aunt said I am bolder than I used to be,2025-05-18
682a91bca0d8a5330ab8a394,forest,9,Crazy how easy it is for negative thoughts to spiral,2025-05-18
682ab42bbe27ecaf9b3efc5a,grace,8,judy marty and somer,2025-05-19
682bb61514858368ac27ebac,forest,8,Positivity is my misery,2025-05-19
682bd0977ddce7c3c715f70b,sara,3,"Watching pitch perfect 2, so what more could I ask for",2025-05-19
682cfd91e300925f6d76b446,sara,3,This morning was all I’ve ever wanted and Emily gave me a drawing kit and tonight is gonna go hard,2025-05-20
682e5c31c0274698bb421914,sara,7,Tired and feeling somewhat  depleted and apathetic,2025-05-21
682e6ce014673ce40074783d,forest,6,Actually feeling squishy today,2025-05-21
682f5cb4fff4508f3f60d931,forest,9,"Jealousy, admiration, envy. Small unimportant things destroy me",2025-05-22
682f92d0bd851402e22bcd4b,sara,8,Someone teach me how to not hate myseeeeeeelllttt,2025-05-22
6830b203db6b0009688d0f64,forest,8,Work is actually way lonelier without grace here,2025-05-23
68310e554f6b670a14252acf,sara,6,Surprisingly today went well despite the horrors I was ruminating in from the hours of 10pm to 7am,2025-05-23
683113b561d9db3214589818,grace,9,s a d a n d a l o n e ,2025-05-23
683211bbfe6e9a90d174c973,sara,3,3.5. Lyle gave my a free art print - highlight of my week. ,2025-05-24
683288de2cfd0cd9fc6256de,forest,8,Signed up for half mara tmrrw this could go poorly,2025-05-24
683358cbb333779ae80b0394,sara,4,I’m doing fine,2025-05-25
6833c07dd7cc23897e2e8ed2,forest,7,Took 5 hr nap today,2025-05-25
68349727750acf53275b4ffb,sara,5,I finished my book today ,2025-05-26
6834d8e67db75855e69e1100,forest,9,Feels hopeless ,2025-05-26
6836387bfe4951d1a7767d88,forest,8,I’m tired,2025-05-27
683663fafd1936b7fa57669d,sara,6,Trying to take care of my body (rolling is so painful as is not eating chips),2025-05-27
68375c3de837c14037944e45,forest,9,If this is how I will feel the rest of my life then why am I still alive,2025-05-28
68378dfaae2af0b898ab35e5,sara,6,Quaking from malnutrition and the graduation traffic,2025-05-28
6838c06d29757e7b6c0947ff,forest,10,**** *** *******,2025-05-29
683904fe27679503d53aff92,grace,9,bedge ,2025-05-29
6839082827679503d53aff93,sara,7,Existential crisis - I think I need to go back to school. At least I got to talk to Emily today and made her laugh joking about wanting to off myself. I think she thinks I’m serious. Maybe I am. ,2025-05-29
6839ecd8072e8303d49f6b32,grace,9,got my stuff today and am now overwhelmed with unpackingggg,2025-05-30
683a3236f276b188f4a570c2,forest,9,So tired. Running has not been going well lately ,2025-05-30
683b42388a9d6ec3fa37a456,sara,7,Never been worse,2025-05-31
683bb53016cf0fb4bd104803,forest,8,"good: got to hang w sara. bad: traffic, parallel parking, watermelon destroyed my arms, (no jacket)",2025-05-31
683c96cbfe1e9a1d4a5adb84,sara,6,Why can grown adults not manage their emotions and act maturely,2025-06-01
683ced7089d2f51d609c26c9,forest,8,Long run felt like death. Not smart to run my highest mileage week the week after a hm pr but I’m too stubborn ,2025-06-01
683e4533da3557d55ea35935,sara,7,Today wasn’t the best but it’s good that I have something to give me a false sense of purpose. Plus I finally started working on my website again which I’ve been putting off for the past 2 months. ,2025-06-02
683e47f2da3557d55ea35936,forest,7,Talked a bunch to Tori today which was nice. Running hurts rn,2025-06-02
683f5923906a0f391ea0a90d,forest,9,I need to find a cliff,2025-06-03
6840d07f4e61bb96a6883cd0,sara,7,Ugh I’ve been bad at ahome lately bc I haven’t been using my phone much but I had a convo with clemence and I think she wants me to join adfors. Also I went to lunch today. ,2025-06-04
6840eca28b0a5a6ae40c07ef,forest,9,"someone in my year of highschool committed suicide, crazy cause he got married last year. also I hate myself btw",2025-06-04
6840f3ec8b0a5a6ae40c07f0,grace,7,lunch here costs less than the cafe to eat at a restaurant,2025-06-04
6840f4068b0a5a6ae40c07f1,grace,7,lunch here costs less than the cafe to eat at a restaurant,2025-06-04
6840f46e8b0a5a6ae40c07f2,grace,8,brought and ate my lunch before a meeting just to find out that it was a catered meeting 🙃,2025-06-04
6840f4b78b0a5a6ae40c07f3,grace,7,lunch here costs less than the cafe for an actual restaurant ,2025-06-03
6840fd048b0a5a6ae40c07f4,grace,10,i left to go get some milk from the store,2025-05-22
6840fd0c8b0a5a6ae40c07f5,grace,10,i left to go get some milk from the store,2025-05-23
6840fd168b0a5a6ae40c07f6,grace,10,,2025-05-23
6840fd198b0a5a6ae40c07f7,grace,10,mc,2025-05-23
6840fd1c8b0a5a6ae40c07f8,grace,10,m,2025-05-23
6840fd1c8b0a5a6ae40c07f9,grace,10,,2025-05-23
6840fd318b0a5a6ae40c07fa,grace,10,mc is the only reason i’m not crying rn,2025-05-23
6840fd588b0a5a6ae40c07fb,grace,8,i’m so anxious,2025-06-02
6840fdbd8b0a5a6ae40c07fc,grace,10,~ lonely ~ i am so lone-ly - i have no-bodyyy to call my own ~,2025-05-18
6840fdc78b0a5a6ae40c07fd,grace,10,~ lonely ~ i am so lone-ly - i have no-bodyyy to call my own ~,2025-05-25
6840fe008b0a5a6ae40c07fe,grace,8,gotta clean for packersssss,2025-05-18
6840fe1c8b0a5a6ae40c07ff,grace,7,quitterz unite,2025-05-17
6840fe268b0a5a6ae40c0800,grace,7,quitterz unite,2025-05-14
6840fe3e8b0a5a6ae40c0801,grace,8,the last time for a while we got to hang ,2025-05-14
6840fe428b0a5a6ae40c0802,grace,8,the last time for a while we got to hang  ,2025-05-14
6840fe458b0a5a6ae40c0803,grace,8,the last time for a while we got to hang  i,2025-05-14
6840fe4a8b0a5a6ae40c0804,grace,8,the last time for a while we got to hang  ir,2025-05-14
6840fe4a8b0a5a6ae40c0805,grace,8,the last time for a while we got to hang  irl,2025-05-14
6840fe4c8b0a5a6ae40c0806,grace,8,the last time for a while we got to hang irl,2025-05-14
6840fe958b0a5a6ae40c0807,grace,8,the last time for a while we got to hang irl,2025-05-21
6840feb48b0a5a6ae40c0808,grace,5,going away party 10/10 - i love my friends ,2025-05-14
6840fee78b0a5a6ae40c0809,grace,5,,2025-05-14
6840fef18b0a5a6ae40c080a,grace,9,,2025-05-14
6840fef68b0a5a6ae40c080b,grace,9,m,2025-05-14
6841ecb0dab34a86e7f40a3f,forest,9,"Can barely function, head only has negative thoughts, had to leave work early",2025-06-05
684236eded0ac44afa9861c7,sara,7,And the thing is I don’t even know how to feel,2025-06-05
68436a6fd1ad1c7f350f6567,sara,7,"Distract my brain from the terrible news, it’s not living if it’s not with u",2025-06-06
68437e913f015384d23880ac,forest,7,Survived another bad patch. Maybe I have a stronger heart than I thought,2025-06-06
6844bcad7a94f906efd9c7f7,sara,7,Surprising calm despite the chaos - not soaking wet anymore after Italy pt 2,2025-06-07
6844f03be32f51ef9ac67e1c,forest,7,Rain is wet,2025-06-07
684614b424d83032753f35ff,forest,7,When does running get easier ,2025-06-08
684646e7a34604edbdb678e8,sara,8,How did we end up here,2025-06-08
68474e799c7f58ad68a3c80a,forest,8,I hate the person I’m becoming and I’m more insecure than ever,2025-06-09
684767bcf25b4121e71582dc,sara,7,Cron for the win,2025-06-09
6848ba35c308ac63d22da899,sara,7,How does one decipher a plethora of punctuation marks,2025-06-10
6848c384c308ac63d22da89a,forest,8,I was feeling terrible but run went good for the first time in a while and gonna mindlessly farm diamonds later so it’s not all bad,2025-06-10
6849d23e3d7e9ce22b80edd3,forest,9,Don’t do it!!!,2025-06-11
684a264d091ea311fb510c18,sara,9,Wish me luck I’m ded,2025-06-11
684b4f4d3c473ab0a8002eac,forest,8,"My brain can agree with the logic but my heart can’t, it hurts",2025-06-12
684c8d597a7a89b3d73625fb,grace,7,got off work early and ate like a pig at lunch by myself in my car,2025-06-13
684c8d8e7a7a89b3d73625fc,grace,9,the political state of this country is what’s driving me over the edge. how am i supposed to go to work everyday and pretend nothings happening ,2025-06-12
684c8db57a7a89b3d73625fd,grace,8,ate lunch w a coworkerrrrr im not lonely at alllllll ,2025-06-10
684c8dce7a7a89b3d73625fe,grace,9,i hate myself,2025-06-08
684c8dfc7a7a89b3d73625ff,grace,7,week 1 donerz ,2025-06-06
684c8e187a7a89b3d7362600,grace,7,week 1 donerz,2025-06-06
684c8e187a7a89b3d7362601,grace,7,week 1 doner,2025-06-06
684c8e1a7a7a89b3d7362602,grace,7,week 1 done,2025-06-06
684c8e1f7a7a89b3d7362603,grace,7,week 1 done!,2025-06-06
684c8e227a7a89b3d7362604,grace,8,week 1 done!,2025-06-06
684c904e7a7a89b3d7362605,forest,9,Hope my best bud feels better soon,2025-06-13
684f6277f34ffe37a547c8c3,forest,8,Dead tired ,2025-06-15
684f6afff34ffe37a547c8c4,sara,9,,2025-06-15
68508619f34ffe37a547c8c5,forest,9,Trying to do things for future me makes me want to end present me,2025-06-16
6851b865fc8119ed7a4b5602,forest,9,I hate myself so much it disgusts me,2025-06-17
6851f7bbfc8119ed7a4b5603,sara,9,,2025-06-17
685347d6fc8119ed7a4b5604,forest,8,So tired,2025-06-18
68534fcdfc8119ed7a4b5605,sara,9,,2025-06-18
6854b7ecfc8119ed7a4b5606,forest,9,I should just die already. I’m broken beyond repair,2025-06-19
6855daf8d2fe8982612e3929,sara,8,,2025-06-20
685613354b348b37abf90c2b,grace,6,i’ve gotten free lunch every day this week at work,2025-06-20
685613614b348b37abf90c2c,grace,9,i cri ,2025-06-19
6856138e4b348b37abf90c2d,grace,6,no work tmrw 🥳,2025-06-18
685613b04b348b37abf90c2e,grace,10,i’ve done nothing productive in my life for the past 5 years,2025-06-14
685613b94b348b37abf90c2f,grace,10,i’ve done nothing productive in my life for the past 5 years,2025-06-11
685613ca4b348b37abf90c30,grace,8,idioté,2025-06-11
6856145e4b348b37abf90c31,grace,9,"espresso depresso but good burrito for lunch that was paid for by not even my boss 10/10 as a reward for coming in today HAHAHAHA we didn’t even have off, just most ppl took off so it was a thanks for still coming even tho ik none of us want to be here consolation prize but ill take it! ",2025-06-20
685614d14b348b37abf90c32,grace,9,i’ve been so bad about taking my medication,2025-06-16
685614d84b348b37abf90c33,grace,9,i’ve been so bad about taking my medication ,2025-06-16
685614f24b348b37abf90c34,grace,9,i’ve been so bad about taking my medication so weed it is!,2025-06-16
68562bfe4b348b37abf90c35,forest,8,Fgffffffffffffffffffffffffff,2025-06-20
68573a564b348b37abf90c36,grace,9,what am i doing with my life,2025-06-21
685749f24b348b37abf90c37,sara,9,,2025-06-21
68574a314b348b37abf90c38,forest,8,Sjhshdjdjjddbjdjdbdhhhj,2025-06-21
6857804a4b348b37abf90c39,grace,10,what am i doing w my life,2025-06-21
685780ad4b348b37abf90c3a,grace,10,どうか私を死なせてください,2025-06-22
6857a14cfb5232c72dc3ed77,grace,7,no work tmrw 🥳,2025-06-18
68586dcbfb5232c72dc3ed78,forest,9,Why did I do that,2025-06-22
68586dd0fb5232c72dc3ed79,forest,9,Why did I do that,2025-06-22
6858b2a7fb5232c72dc3ed7a,sara,9,,2025-06-22
6859a3d0fb5232c72dc3ed7b,sara,9,,2025-06-23
6859f057fb5232c72dc3ed7c,forest,7,Prob just ran the best workout of my life in 90 degrees. Might have to full send a sub 20 min 5k attempt this weekend ,2025-06-23
685aeadfafe536433ad1973d,forest,9,Today sucked a lot. Idk why when nothing even happened. Just feels terrible when you can randomly have bad days. Also feeling a weird tingling sensation in my hamstring hopefully nothing wrong or it’s over ovee,2025-06-24
685b3484afe536433ad1973e,sara,8,Life feels normal and I don’t like it. Yet it feels emtpy without you,2025-06-24
685b3642afe536433ad1973f,sara,8,Life feels normal and I don’t like it. Yet it feels emtpy without you,2025-06-24
685b3642afe536433ad19740,sara,8,Life feels normal and I don’t like it. Yet it feels emtpwithout you,2025-06-24
685b364fafe536433ad19741,sara,8,Life feels normal and I don’t like it. Yet it feels empty you,2025-06-24
685b3654afe536433ad19742,sara,8,Life feels normal and I don’t like it. Yet it feels emptyw you,2025-06-24
685b3654afe536433ad19743,sara,8,Life feels normal and I don’t like it. Yet it feels empty you,2025-06-24
685b365aafe536433ad19744,sara,8,Life feels normal and I don’t like it. Yet it feels empty without you,2025-06-24
685bff7069bc6754e4cc953d,sara,10,,2025-06-12
685bff7869bc6754e4cc953e,sara,10,,2025-06-13
685c998a69bc6754e4cc953f,forest,8,It’s fine it only hurts if the rode slopes to the right,2025-06-25
685d8fdd69bc6754e4cc9540,forest,9,I can support sg’s goal of making the world a better home by leaving it,2025-06-26
685dcc0769bc6754e4cc9541,sara,8,Indifference,2025-06-26
685eeb1b69bc6754e4cc9542,forest,9,I want to be hurt,2025-06-27
685f424969bc6754e4cc9543,sara,7,I hate how happy I am,2025-06-27
68606a9ace165c32571e25d3,forest,8,,2025-06-28
68608f43ce165c32571e25d4,sara,8,The longing never ends,2025-06-28
68619206ce165c32571e25d5,forest,8,"fell a bit short, story of my life",2025-06-29
6861dd63ce165c32571e25d6,sara,8,"Today was a good day honestly, but my mind can’t escape from the nightmare. ",2025-06-29
6862fc7e1ca117355006a813,forest,9,I will punish myself,2025-06-30
68634e6b886454b77c428b22,grace,7,,2025-06-30
68634e84886454b77c428b23,grace,6,mooooo,2025-06-29
68634e87886454b77c428b24,grace,7,mooooo,2025-06-29
68634ec2886454b77c428b25,grace,9,i’m a waste of space ,2025-06-28
68634eeb886454b77c428b26,grace,6,thunderstormssssssssss ⚡️ ,2025-06-25
6863cbc3886454b77c428b27,sara,8,,2025-06-30
68643bff78de4ab15114eca5,forest,9,Nana korobi ya oki,2025-07-01
686587b4f8c237c7aea23c22,sara,7,,2025-07-01
686587c3f8c237c7aea23c23,sara,9,,2025-07-02
686587d1f8c237c7aea23c24,sara,9,just sad today,2025-07-02
686587d3f8c237c7aea23c25,sara,9,just sad today,2025-07-02
6865add6f8c237c7aea23c26,forest,9,Figuring out my expenses for June made me feel ill and so angry at myself. I am pathetic ,2025-07-02
6866e74b24c095b9515e3fe9,forest,10,,2025-07-03
6866f70624c095b9515e3fea,sara,8,My new baseline,2025-07-03
6868236a24c095b9515e3feb,sara,8,,2025-07-04
68687645afc54ab926b5c24b,forest,8,Hip starting to hurt again,2025-07-04
6869a85b11416a6c5458fdb9,forest,9,,2025-07-05
686af46d46fe77d86de2755f,forest,8,Maybe I’m slowly getting better at doing the “hard” things again. Mental is still in the drain as is from job. S@y0n@r@ grace,2025-07-06
686af4c546fe77d86de27560,forest,8,"Maybe getting slowly getting better at doing “hard” things but mental is still in the drain, as is cron job. S@y0n@r@ grace. Also biggest mileage week ever",2025-07-06
686b4ad615a1788dcd36ee99,sara,8,,2025-07-05
686b4adb15a1788dcd36ee9a,sara,8,,2025-07-06
686b4ade15a1788dcd36ee9b,sara,8,,2025-07-06
686c65feabe97d242547e9a5,forest,7,7 on 7/7,2025-07-07
686dae3ca4100150d9e38947,sara,10,Enough said,2025-07-08
686de35b81a801ad47a0988c,forest,8,This feels so hard to maintain. Not enough time in a day,2025-07-08
686eeabbeaa185a6b8895e2c,forest,8,Even cron job has abandoned me,2025-07-09
686fe7bbca1b3f59a90aff13,sara,9,,2025-07-09
686ff667ca1b3f59a90aff14,forest,8,My legs are so destroyed. Having doubts I can keep doing this,2025-07-10
68710aaf7debbbb99e714001,sara,9,,2025-07-10
6871a63dcf45163b24580a4c,sara,9,,2025-07-11
6871a931cf45163b24580a4d,forest,7,,2025-07-11
6872c5fdb240b8df844e3a35,forest,8,"Brutal run, now I have to hang with the song family, wish me luck",2025-07-12
6872c908b240b8df844e3a36,sara,9,We’ve regressed folks,2025-07-12
687413961714baf554c3b924,forest,9,They never fail to bring out the worst in me,2025-07-13
68742f05ca94211f90804ecf,sara,9,I still miss lasagna girl. Yesterday I felt more whole after attending the b day party (despite crying most of the day). Today I feel that life has moved on but a piece of me never will. ,2025-07-13
68758e9801e375f9efb69dea,sara,10,I think I had a panic attack today,2025-07-14
6875999d10ab4f0276e86e75,forest,9,I feel like the fatigue in my legs has gone beyond and now is just pain,2025-07-14
6876fb256b7052906bcfd2ed,forest,8,"Work has been stressful, and my body is falling apart. Full send tho",2025-07-15
6877d61ad1ef956c3c5fe7fe,sara,9,,2025-07-15
6877d626d1ef956c3c5fe7ff,forest,9,I’m dead and I’m sorry that I’m like this,2025-07-16
6877d659d1ef956c3c5fe800,sara,9,,2025-07-16
68783688d1ef956c3c5fe801,sara,10,Crashed out,2025-07-16
6879342ad1ef956c3c5fe802,forest,10,"I just want to die, I don’t care about anything else",2025-07-17
6879b5d5d1ef956c3c5fe803,sara,9,I went on a date today with snail boy. I still miss lasagna girl but it’s different now. I question who I was during our whole relationship tho. Did I lose myself?  Maybe I’ll always lose myself in the other person tho. But will they lose themself in me?,2025-07-17
687ab113d1ef956c3c5fe804,sara,9,8.5,2025-07-18
687ab4b5d1ef956c3c5fe805,forest,10,Die,2025-07-18
687ce53ed1ef956c3c5fe806,sara,8,"New jacket, nice music",2025-07-19
687ceaafd1ef956c3c5fe807,forest,8,,2025-07-19
687d48abd1ef956c3c5fe808,grace,7,,2025-07-19
687d48b9d1ef956c3c5fe809,grace,6,,2025-07-18
687d48cdd1ef956c3c5fe80a,grace,7,,2025-07-14
687d48e5d1ef956c3c5fe80b,grace,7,,2025-07-12
687d48f8d1ef956c3c5fe80c,grace,9,i’m such a liar,2025-07-13
687d48ffd1ef956c3c5fe80d,grace,9,i’m such a liar,2025-07-09
687d490bd1ef956c3c5fe80e,grace,8,bleh,2025-07-09
687d492fd1ef956c3c5fe80f,grace,7,back in bos,2025-07-04
687d4939d1ef956c3c5fe810,grace,6,,2025-07-05
687d4949d1ef956c3c5fe811,grace,7,,2025-07-06
687d4958d1ef956c3c5fe812,grace,7,leaving,2025-07-08
687d4965d1ef956c3c5fe813,grace,8,i’m so shook,2025-07-09
687d4a7bd1ef956c3c5fe814,grace,7,sister left so now i can breathe and smoke weed,2025-07-20
687d4aa0d1ef956c3c5fe815,grace,8,icri ,2025-07-19
687d4aa9d1ef956c3c5fe816,grace,8,icri -,2025-07-19
687d4aa9d1ef956c3c5fe817,grace,8,icri - ,2025-07-19
687d4aacd1ef956c3c5fe818,grace,8,icri,2025-07-19
687d4ab0d1ef956c3c5fe819,grace,8,icri,2025-07-19
687d4ae0d1ef956c3c5fe81a,grace,7,my sis unpacked like 80% of the rest of my boxes which was nice but her grubby little hands touched all my stuff and organized everything in a way that doesn’t make sense to me but still grateful ,2025-07-18
687d4af3d1ef956c3c5fe81b,grace,6,work is good,2025-07-15
687d5a22d1ef956c3c5fe81c,forest,9,Life is so hard,2025-07-20
687d9088d1ef956c3c5fe81d,sara,8,No one will make me a 2 like she did,2025-07-20
687ec227d1ef956c3c5fe81e,forest,8,aaaaaaaaaaaaaaaaaaaaaaaaaaaaaaaaaaaaaaaaaaaaaaaaaaaaaaaaaaaaaaaaaaaaaaaaaaaaaaaaaaaaaaaaaaaaaaaaaaaaaaaaaaaaaaaaaaaaaaaaaaaaaaaaaaaaaaaaaaaaaaaaaaaaaaaaaaaaaaaaaaaaaaaaaaaaaaaaaaaaaaaaaaaaaaaaaaaaaaaaaaaaaaaaaaaaaaaaaaaaaaaaaaaaaaaaaaaaaaaaaaaaaaaaaaaaaaaaa,2025-07-21
687f1276d1ef956c3c5fe81f,sara,8,Why must life go on. ,2025-07-21
687feeaed1ef956c3c5fe820,forest,9,I really am struggling. Idk how much longer I can endure. I’m not that strong.,2025-07-22
68802a74d1ef956c3c5fe821,sara,9,My knees are not the bees,2025-07-22
68814d66d1ef956c3c5fe822,forest,10,"Didn’t get the apt, ankle messed up, work is terrible, I was so angry last night I was hitting my head and now I have a headache, I am a disaster, I’m so alone",2025-07-23
68817ed4d1ef956c3c5fe823,sara,9,Tough cay. V tired. ,2025-07-23
68825a11d1ef956c3c5fe824,sara,10,Cry. ,2025-07-24
6882bc2ed1ef956c3c5fe825,forest,8,"No complaining allowed, go at it ahome",2025-07-24
6883d953d1ef956c3c5fe826,forest,8,First time in 3 months that I’m not running. It’s frustrating and it sucks.,2025-07-25
688566bcd1ef956c3c5fe827,forest,9,The pain is worse,2025-07-26
6886bba8d1ef956c3c5fe828,sara,8,Acadia sunset,2025-07-25
6886bbb2d1ef956c3c5fe829,sara,8,Acadia sunset,2025-07-26
6886bbb7d1ef956c3c5fe82a,sara,8,Acadia sunset,2025-07-25
6886bbbad1ef956c3c5fe82b,sara,8,Acadia suns,2025-07-25
6886bbbad1ef956c3c5fe82c,sara,8,Acadia sun,2025-07-25
6886bbbbd1ef956c3c5fe82d,sara,8,Acadia su,2025-07-25
6886bbbcd1ef956c3c5fe82e,sara,8,Acadia s,2025-07-25
6886bc33d1ef956c3c5fe82f,sara,7,"Nice day, cool cave",2025-07-26
6886bca0d1ef956c3c5fe830,sara,7,"Nice sunrise, beehive hike, laughed a lot, should not have checked my phone,",2025-07-27
6886d1d4d1ef956c3c5fe831,forest,8,Trying to be resilient,2025-07-27
6887ada5d1ef956c3c5fe832,forest,9,"Something is off w my foot, it doesn’t feel like my own. Firmly in the denial stage. Pls just get better if I can’t run I have nothing",2025-07-28
688805dbd1ef956c3c5fe833,sara,8,emails with derek :),2025-07-28
6889402fd1ef956c3c5fe834,forest,9,,2025-07-29
688a0dead1ef956c3c5fe835,sara,8,Life is ok,2025-07-29
688a925fd1ef956c3c5fe836,forest,9,W s s m I h e t a a m n,2025-07-30
688aa3c3d1ef956c3c5fe837,sara,8,Today has been nonstop,2025-07-30
688aaefed1ef956c3c5fe838,grace,7,🍚 ,2025-07-21
688aaf17d1ef956c3c5fe839,grace,9,i hate danny,2025-07-24
688aaf33d1ef956c3c5fe83a,grace,8,i was at work until 6 on a friday :0,2025-07-25
688aaf48d1ef956c3c5fe83b,grace,8,🍹 ,2025-07-26
688aaf61d1ef956c3c5fe83c,grace,7,🍹 w michelle,2025-07-26
688aaf77d1ef956c3c5fe83d,grace,8,i’m so fake,2025-07-27
688aaf9fd1ef956c3c5fe83e,grace,9,i’m so stressed out i need weed but i broke my vape and my vaporizer 😵‍💫 i can’t survive this anymore,2025-07-28
688aafa4d1ef956c3c5fe83f,grace,9,i’m so stressed out i need weed but i broke my vape and my vaporizer 😵‍💫 i can’t survive this anymore,2025-07-29
688aafb3d1ef956c3c5fe840,grace,9,i’m sinking,2025-07-29
688aafdfd1ef956c3c5fe841,grace,8,danny can go FUCK HIMSELF 🖕 ,2025-07-16
688aafe7d1ef956c3c5fe842,grace,8,danny can go FUCK HIMSELF 🖕 ,2025-07-30
688ab01ad1ef956c3c5fe843,grace,8,i can finally kinda breath and i think he finally got the hint and stfu 🧘 i need to calm down,2025-07-30
688ab048d1ef956c3c5fe844,grace,8,i’m so fucking pissed but at least i can kinda breath now,2025-07-30
688c12ccd1ef956c3c5fe845,forest,9,Shut up you stupid idiot,2025-07-31
688ca61dd1ef956c3c5fe846,sara,8,"Date, concert, trying to be in the moment and just enjoy",2025-07-31
688cfe4bd1ef956c3c5fe847,forest,9,Lunch w Tori was nice but not even she can heal me. My hip hurts a lot too now.,2025-08-01
688d51a3d1ef956c3c5fe848,sara,7,Bc I only worked 5 hrs today,2025-08-01
688e74d2d1ef956c3c5fe849,forest,9,"Lying in bed the whole day, listening to bite me, feeling tired. Wondering if the me that is hateful and miserable is the real me or is it a bad patch",2025-08-02
688e8990d1ef956c3c5fe84a,sara,7,Dnd. Also leave me alone,2025-08-02
68900b46d1ef956c3c5fe84b,forest,9,,2025-08-03
68901be1d1ef956c3c5fe84c,sara,8,,2025-08-03
689109dbd1ef956c3c5fe84d,forest,9,"Sara is funny and has flow. I hope she finds someone soon that appreciates her wit. Why is work stressing me out so much again. I def have an unhealthy obsession with needing to run, but it really was important for staying alive. Now everything hurts to think about.",2025-08-04
689139bdd1ef956c3c5fe84e,sara,8,Just woke up from a 2 hr nap I was so tired,2025-08-04
68914caad1ef956c3c5fe84f,grace,9,🔴,2025-08-04
689268c5d1ef956c3c5fe850,sara,9,I must run off all this anger. I fear I am going to implode soon. ,2025-08-05
68928227d1ef956c3c5fe851,forest,9,Perpetually stressed unless I can destroy my body w running,2025-08-05
689282a8d1ef956c3c5fe852,forest,9,Let’s run together ,2025-08-05
6893cfc3d1ef956c3c5fe853,forest,8,"My personality used to be running, now it’s taking 1 hr baths",2025-08-06
6893cff5d1ef956c3c5fe854,sara,9,I’m ready to fkn kms blood boiling everyone makes me so angry,2025-08-06
68951413d1ef956c3c5fe855,sara,8,Chips at lunch with buddy was nice,2025-08-07
68954d76d1ef956c3c5fe856,forest,8,"So tired from driving so much and work. Toured Arlington apt, see if we get it. It’s hard to accept, but I think it’s a stress fracture.",2025-08-07
68961c8cd1ef956c3c5fe857,forest,8,Applying is stressful w needing to talk to people and forms. Drinking milk even though I don’t like milk to boost calcium and get better.,2025-08-08
68962aa9d1ef956c3c5fe858,grace,6,leaving for alaska!!!!! ,2025-08-08
68962ad4d1ef956c3c5fe859,grace,7,free lunch 10/10,2025-08-06
6896c9bad1ef956c3c5fe85a,sara,8,Yippie neighbor my screen time today is over 5 hrs,2025-08-08
6898b6e9d1ef956c3c5fe85b,sara,7,"funeral, forest, etc.",2025-08-09
6898dceed1ef956c3c5fe85c,forest,7,"was a nice day hangin w sabby, just hard to not be a bit sad about ankle",2025-08-09
6898f99ed1ef956c3c5fe85d,forest,8,More and more likely seems like a stress fracture. 6-8 weeks on avg off.,2025-08-10
6899d735d1ef956c3c5fe85e,sara,8,Thought about grad school - stressed a bit but it’s fine came to some conclusion so that’s good. Worked on dresser. Maybe I’m over cad now. ,2025-08-10
689a6cbad1ef956c3c5fe85f,forest,8,Work is destroying my mental. Not anything new I guess. Ankle feels good today,2025-08-11
689a8021d1ef956c3c5fe860,sara,8,These people are making me on the verge of a crash out,2025-08-11
689ba8ccd1ef956c3c5fe861,forest,9,"I’m sorry, I will be better.",2025-08-12
689bd85dd1ef956c3c5fe862,sara,7,I don’t know why today was a seven but it was. Probably bc eesha’s intern presentation went so well and project mantaray. ,2025-08-12
689d1933d1ef956c3c5fe863,forest,8,I know that I’m weak and disgraceful. Everyone has the right to hate me as the worst person. But there are still people willing to help someone like me,2025-08-13
689d3bb109fec903daf52b7f,sara,8,"v3 Dresser, but i still messed it up",2025-08-13
689e539c88909cc2f0bcaeac,forest,8,Hey why does it still hurt hey why can’t I run yet hey hey hyey,2025-08-14
689e6b6b88909cc2f0bcaead,forest,9,,2025-08-14
689e8aad88909cc2f0bcaeae,sara,8,"My “boss” was making my blood boil how can someone so old have so little ability to be productive, effective, fill in blank. But I got to go sailing so that was fun. Biking was prob bad tho. ",2025-08-14
689fbf5e88909cc2f0bcaeaf,forest,10,This weekend would actually be a good time,2025-08-15
689ff09788909cc2f0bcaeb0,sara,8,Grinded today. ,2025-08-15
68a1306a88909cc2f0bcaeb1,forest,8,,2025-08-16
68a25e4788909cc2f0bcaeb2,forest,9,stress on weekend never good sign,2025-08-17
68a2765b88909cc2f0bcaeb3,sara,8,,2025-08-16
68a2768288909cc2f0bcaeb4,sara,8,Worked for 6+ hrs today (sunday). Not even that bad. It never gets easier. ,2025-08-17
68a3b6c188909cc2f0bcaeb5,forest,7,Short run today,2025-08-18
68a3b9f088909cc2f0bcaeb6,sara,9,The only good thing about today was hooman asking me what my half time was and him being impressed bc I’m as fast as him with no training,2025-08-18
68a4f5f888909cc2f0bcaeb7,forest,8,Regression. I guess this injury made me realize that I actually want to run instead of just need my to run to survive. It hurts.,2025-08-19
68a5126388909cc2f0bcaeb8,sara,9,"And I don’t want the world to see me, bc I don’t think they’d understand",2025-08-19
68a6235988909cc2f0bcaeb9,forest,10,Pathetic ,2025-08-20
68a6711188909cc2f0bcaeba,sara,8,Boutta pull an all nighter. I’ve pulled more all nighters this yr than in 4 years of college. ,2025-08-20
68a6997488909cc2f0bcaebb,grace,9,whbabidhibiaftpalbbommdamiqssigbsawbigidrtthtma,2025-08-20
68a6998e88909cc2f0bcaebc,grace,5,best hike ever,2025-08-10
68a699a188909cc2f0bcaebd,grace,6,ALASKA,2025-08-09
68a699b788909cc2f0bcaebe,grace,7,hot tubbin ,2025-08-11
68a699de88909cc2f0bcaebf,grace,9,i think i might KILLMYSISTER,2025-08-13
68a69a0f88909cc2f0bcaec0,grace,7,talkeetna <3,2025-08-12
68a69a2788909cc2f0bcaec1,grace,8,piss off,2025-08-14
68a69a4b88909cc2f0bcaec2,grace,8,"there r two factions on this trip, the normies and the fucking tiktok obsessed narcissists ",2025-08-15
68a69a5088909cc2f0bcaec3,grace,8,"there r two factions on this trip, the normies and the fucking tiktok obsessed narcissists ",2025-08-16
68a69a9688909cc2f0bcaec4,grace,9,sad to leave alaska but had a great time exploring by myself for a few hours but my flights got delayed and i was waiting at the airport for like 6 hours,2025-08-16
68a69b1188909cc2f0bcaec5,grace,8,i had to leave my luggage at the carousel bc it took too damn long to arrive and i was running out of time before denalis daycare closed and i didn’t want to have to pay another night so i had to pay a late fee for picking her up after hoursssssss then i drove BACK to the airport to pick up my suitcase but i went to the commercial pickup side so there were no cars waiting and i just walked right in and grabbed my bag 10/10,2025-08-17
68a69b3d88909cc2f0bcaec6,grace,8,work againnnnnn i wanna quit and travel the world,2025-08-19
68a69b9e88909cc2f0bcaec7,grace,9,michelle told me she’s quitting this week to go travel the us and not gaf for like a year then apply to grad school and i haven’t been more jealous of someone in my LIFE - highly considering this but need to get fired for severance $$,2025-08-19
68a69c1d88909cc2f0bcaec8,grace,9,michelle told me she’s quitting this week after less than 4 months at form to go travel the us and not gaf for like a year then apply to grad school and i haven’t been more jealous of someone in my LIFE - highly considering this but need to get fired for severance $$ ,2025-08-19
68a7ae1088909cc2f0bcaec9,forest,8,"Have a cold,🤧 went thru so many tissues",2025-08-21
68a7e18a88909cc2f0bcaeca,sara,8,At least I finished most things on my to do list. Perhaps this night was a little changing of the tides. But the tides always have a low tide anyway. ,2025-08-21
68a7e18f88909cc2f0bcaecb,sara,8,At least I finished most things on my to do list. Perhaps this night was a little changing of the tides. But the tides always have a low tide anyway. ,2025-08-21
68a9214388909cc2f0bcaecc,sara,8,At my limit,2025-08-22
68ab07c788909cc2f0bcaecd,sara,7,Road-trip +cousin ,2025-08-23
68ad9f8288909cc2f0bcaece,sara,7,"Prior soaked, a few while claws in (surge). Sunset. Best bud. ",2025-08-24
68ad9f8788909cc2f0bcaecf,sara,7,"Prior soaked, a few while claws in (surge). Sunset. Best bud. ",2025-08-25
68ad9f8e88909cc2f0bcaed0,sara,7,,2025-08-25
68ad9f8e88909cc2f0bcaed1,sara,7,I,2025-08-25
68ad9f9088909cc2f0bcaed2,sara,7,I ,2025-08-25
68ad9f9788909cc2f0bcaed3,sara,7,I i,2025-08-25
68ad9f9788909cc2f0bcaed4,sara,7,I ik,2025-08-25
68ad9fcd88909cc2f0bcaed5,sara,7,I liked the scrambly hike a lot and tacos were good. ,2025-08-14
68ada00188909cc2f0bcaed6,sara,7,I liked the scrambly hike and tacos were good. ,2025-08-14
68ae661d88909cc2f0bcaed7,sara,7,I really enjoyed the swimming hole. Crazy how much first ranked for the pasta. ,2025-08-26
68ae664888909cc2f0bcaed8,sara,7,I liked the scrambly hike and tacos were good. ,2025-08-14
68b1b1f888909cc2f0bcaed9,sara,7,You’re the via Ferrata of my eye,2025-08-27
68b1b21388909cc2f0bcaeda,sara,8,Tired,2025-08-28
68b6440688909cc2f0bcaedb,forest,8,"Moving was ok, little tiring. Started spiraling and getting stressed. Needed to go for a run, felt ok but wish it was better. Worries about if this is for the best.",2025-09-01
68b65e4788909cc2f0bcaedc,sara,8,Wasted day,2025-09-01
68b7862188909cc2f0bcaedd,forest,8,F F,2025-09-02
68b8aa1d88909cc2f0bcaede,forest,9,Wow I somehow forgot about how work makes me want to kms,2025-09-03
68b8e9cd88909cc2f0bcaedf,sara,8,today felt okay but i still feel depressed,2025-09-03
68b8ea2d88909cc2f0bcaee3,sara,2,i was actually so depressed and melancholic today but decided to book an impromptu trip to MN in a couple weeks to visit postcard girl,2025-09-02
68b8ea3088909cc2f0bcaee4,sara,2,i was actually so depressed and melancholic today but decided to book an impromptu trip to MN in a couple weeks to visit postcard girl,2025-09-02
68b8ea5d88909cc2f0bcaee5,sara,9,i was actually so depressed and melancholic today but decided to book an impromptu trip to MN in a couple weeks to visit postcard girl,2025-09-02
68b983da88909cc2f0bcaee6,forest,8,"drive down to dc, meeting w justin was ok, ankle not ok",2025-08-23
68b9840488909cc2f0bcaee7,forest,7,"hike was a grind due to pouring rain, classic",2025-08-24
68b9843a88909cc2f0bcaee8,forest,7,"old rag was fun due to clambering, got long at the end. drove in horse poop. first taco tank night (failure)",2025-08-14
68b9848388909cc2f0bcaee9,forest,7,"watering hole was fun and very cold, pasta tank night (success)",2025-08-26
68b984ba88909cc2f0bcaeea,forest,7,"via ferrata was v cool, maybe gotta try that again sometime. franklin",2025-08-27
68b9851988909cc2f0bcaeeb,forest,8,"rocky brunch, emotionally draining but good talks w sab",2025-08-28
68b9853f88909cc2f0bcaeec,forest,7,"therapissed session, arrived at grace's",2025-08-29
68b9856888909cc2f0bcaeed,forest,9,"kinda spiraled for no reason, stress of returning to work/moving getting to me",2025-08-30
68b9858d88909cc2f0bcaeee,forest,8,"drive back is bittersweet, 3.75",2025-08-31
68b9860b88909cc2f0bcaeef,forest,7,"old rag was fun due to clambering, got long at the end. drove in horse poop. first taco tank night (failure)",2025-08-25
68ba252c88909cc2f0bcaef0,forest,8,"I fear I really messed up the ankle on run today, had to stop. While walking back some hot girls asked if I was interested in church, which is crazy bc Sara told me she wanted to go to church today, and I jokingly said I’d go if there were hot girls. This day has been the strongest evidence for me that life is a simulation.",2025-09-04
68ba4d9a88909cc2f0bcaef1,sara,9,I was depressed today but hung out with jessalyn and by the end felt better,2025-09-04
68bb018a88909cc2f0bcaef2,forest,8,aaa,2025-07-21
68bb01ba88909cc2f0bcaef3,forest,8,Fgff,2025-06-20
68bb01ef88909cc2f0bcaef4,forest,8,Snjcdjk ,2025-06-21
68bb4d8488909cc2f0bcaef5,forest,9,Don’t really feel like there’s any reason for me to be alive when I’m just actively a hindrance to everyone and everything ,2025-09-05
68bb86eb88909cc2f0bcaef6,sara,8,"work was actually pleasant (except for when a particular person messaged me), feel much better than tues-thurs this week, what does it mean when you feel worse after talking to someone",2025-09-05
68bccfa588909cc2f0bcaef7,forest,9,,2025-09-06
68bdd5b8a3e74d816b07fdf0,sara,8,distracting myself with cooking is ncie,2025-09-06
68be296188909cc2f0bcaef8,forest,8,"If submarine90, activate plan fallen statue. Else, operation geronimo ",2025-09-07
68be483f88909cc2f0bcaef9,sara,8,fine,2025-09-07
68bf4f6f88909cc2f0bcaefa,forest,10,"Strong seagull, 4A resilience, blue moon, flower tower",2025-09-08
68bf590e88909cc2f0bcaefb,sara,8,JD day. Made multiple dr appt thanks to toad,2025-09-08
68c0a08588909cc2f0bcaefc,sara,8,Almost crashed out bc of work. Still have os much to do tonite…,2025-09-09
68c0b42588909cc2f0bcaefd,forest,8,Don’t work too hard bud make sure to take care of urself,2025-09-09
